{"rmse": 14.46, "pp_error": 0.30730921729615096, "r2": 0.7714309722578274}