{"rmse": 7.33, "pp_error": 0.30219151546665285, "r2": 0.7416178461002323}