{"rmse": 17.02, "pp_error": 0.3090200561778285, "r2": 0.7817588290896909}